timestamp,coin,signal,reasoning,confidence,confluence_tags,trigger_tags,reasoning_categories
2022-01-03T00:00:00+00:00,GOLD,reject,"Active-Guardian: Market is in Green Zone. No confluence factors detected for entry. EMA alignment is neutral, and indicators do not suggest a strong trend or reversal.",0.0,,,
2022-01-04T00:00:00+00:00,GOLD,entry,Active-Guardian: Market is in Active mode. 1% risk enforced. Bullish MACD crossover and EMA alignment detected. Decisive long entry with tight protection.,0.8,MACD_crossover;EMA_alignment,indicator_crossover,trend_following
2022-01-05T00:00:00+00:00,GOLD,hold,"Active-Guardian: Market is in Green Zone. Holding long position with tight protection. EMA20 and EMA50 alignment, MACD crossover, and current price above EMA200 support the hold decision.",0.8,EMA_alignment;MACD_crossover,trend_following,trend_following
2022-01-06T00:00:00+00:00,GOLD,hold,"Active-Guardian: Market is in Green Zone. Holding long position with tight protection. EMA20 and EMA50 alignment, MACD crossover, and RSI below 50 indicate potential for trend reversal.",0.8,EMA_alignment;MACD_crossover;RSI_below_50,indicator_crossover,trend_following;mean_reversion
2022-01-07T00:00:00+00:00,GOLD,close,Active-Guardian: Current price 1797.4 is below entry price 1815.68876. Unrealized PnL is -5.12. Closing the position to limit losses.,0.8,,stop_loss,risk_management
2022-01-11T00:00:00+00:00,GOLD,entry,"Active-Guardian: Market is in Green Zone. Bullish MACD crossover and EMA alignment support long entry. RSI is at 61.49, indicating room for upside.",0.82,MACD_crossover;EMA_alignment;RSI_room,indicator_crossover;trend_strength,trend_following;mean_reversion
2022-01-12T00:00:00+00:00,GOLD,hold,"Active-Guardian: Holding long position in GOLD. Current price 1827.3 is above entry price 1819.5911. Trend strength score is 1.22, indicating a bullish trend. EMA alignment and MACD crossover support the long position.",0.82,EMA_alignment;MACD_crossover;Trend_strength,indicator_crossover,trend_following
2022-01-13T00:00:00+00:00,GOLD,hold,"Active-Guardian: Holding current long position. Price 1821.4 is above entry price 1819.5911. Trend strength score is 1.17, indicating a bullish trend. EMA alignment and MACD crossover support the hold decision.",0.82,EMA_alignment;MACD_crossover;Trend_strength,trend_following,trend_following
2022-01-14T00:00:00+00:00,GOLD,close,Active-Guardian: Closing current long position due to unrealized loss and recent losing streak. Current price 1816.5 is below entry price 1819.5911. Unrealized PnL is -1.04. Closing the position to limit losses.,0.0,,,risk_management;loss_limitation
2022-01-19T00:00:00+00:00,GOLD,entry,Active-Guardian: Market is in Green Zone. 1% risk enforced. Bullish MACD crossover and RSI=68.65 detected. Decisive entry with tight protection.,0.82,MACD_crossover;RSI_bullish,indicator_crossover,trend_following
2022-01-20T00:00:00+00:00,GOLD,hold,"Active-Guardian: Holding current long position. Current price 1842.6 is above initial stop 1821.4. Trend strength score is 1.26, indicating a bullish trend. MACD crossover is bullish, and RSI is 68.19, which is not overbought.",0.82,EMA_alignment;MACD_crossover;trend_strength,trend_following,trend_following
2022-01-21T00:00:00+00:00,GOLD,close,Active-Guardian: Closing current long position due to unrealized loss and recent losing streak. Current price 1831.8 is below entry price 1844.30592. Unrealized PnL is -5.42. Closing the position to limit losses.,0.0,,,risk_management
2022-01-25T00:00:00+00:00,GOLD,entry,Active-Guardian: Market is in Green Zone. 1% risk enforced. Bullish MACD crossover and RSI above 50 detected. Decisive entry with tight protection.,0.82,MACD_crossover;RSI_above_50;EMA_alignment,indicator_crossover;trend_continuation,trend_following;momentum_trading
2022-01-26T00:00:00+00:00,GOLD,reject,"Active-Guardian: Recent losing streak and low win rate. Volatility Ratio (VR) is 0.77, indicating a Green Zone, but given the current performance, being more selective is prudent. No strong confluence factors are present to justify an entry.",0.2,,,risk_management;performance_adjustment
2022-01-27T00:00:00+00:00,GOLD,reject,"Active-Guardian: Current market conditions and recent losing streak suggest a cautious approach. Volatility Ratio is 0.80, indicating a Green Zone, but the Trend Strength Score is 0.24, and the MACD crossover is bearish. Recent trades have resulted in losses, and the win rate is 0.0%. Rejecting entry to limit further losses.",0.2,,,risk_management;trend_analysis
2022-02-14T00:00:00+00:00,GOLD,reject,"Active-Guardian: Recent losing streak and high RSI14 (68.67) indicate potential overbought conditions. Volatility Ratio (0.76) is in the Green Zone, but cautious approach is warranted due to recent losses.",0.2,,,risk_management;trend_analysis
2022-02-16T00:00:00+00:00,GOLD,entry,Active-Guardian: Market is in Green Zone. 1% risk enforced. Bullish MACD crossover and RSI above 50 detected. Decisive entry with tight protection.,0.82,MACD_crossover;RSI_above_50;EMA_alignment,indicator_crossover;trend_alignment,trend_following;mean_reversion
2022-02-17T00:00:00+00:00,GOLD,entry,Active-Guardian: Market is in Green Zone. 1% risk enforced. Bullish MACD crossover and RSI above 50 detected. Decisive entry with tight protection.,0.8,MACD_crossover;RSI_above_50;EMA_alignment,indicator_crossover;trend_continuation,trend_following;momentum_trading
2022-02-18T00:00:00+00:00,GOLD,hold,"Active-Guardian: Holding current long position. Current price 1898.8 is above initial stop 1871.0. Trend strength score is 1.28, indicating a strong uptrend. EMA alignment and MACD crossover are bullish.",0.8,EMA_alignment;MACD_crossover;trend_strength,indicator_crossover,trend_following
2022-02-21T00:00:00+00:00,GOLD,hold,Active-Guardian: Market is in Green Zone. Current long position is profitable. Holding to maximize gains.,0.8,EMA_alignment;RSI_bullish;MACD_crossover,trend_following,trend_following
2022-02-22T00:00:00+00:00,GOLD,hold,Active-Guardian: Market is in ACTIVE (Green Zone) mode. Current long position has unrealized PnL of $1.34. Holding the position with a profit target of $1931.0 and stop loss of $1871.0.,0.8,EMA_alignment;RSI_bullish;MACD_crossover,trend_following,trend_following
2022-02-23T00:00:00+00:00,GOLD,hold,Active-Guardian: Market is in Green Zone. Current long position is profitable. Holding to maximize gains.,0.8,EMA_alignment;RSI_bullish;MACD_crossover,trend_following,trend_following
2022-02-24T00:00:00+00:00,GOLD,entry,Active-Guardian: Market is in Green Zone. 1% risk enforced. EMA20/50 alignment and RSI=76.18 suggest a strong uptrend. MACD crossover is bullish.,0.82,EMA_alignment;RSI_bullish;MACD_crossover,trend_following,trend_following
2022-02-28T00:00:00+00:00,GOLD,close,Active-Guardian: Current price 1900.7 is below entry price 1926.55524. Unrealized PnL is -7.01. Closing the position to limit losses.,0.82,,stop_loss,risk_management
2022-03-01T00:00:00+00:00,GOLD,entry,Active-Guardian: Market is in Green Zone. 1% risk enforced. Bullish MACD crossover and RSI above 70 detected. Decisive entry with tight protection.,0.8,MACD_crossover;RSI_above_70,indicator_crossover,trend_following
2022-03-02T00:00:00+00:00,GOLD,reject,Active-Guardian: Current price 1922.3 is near recent highs. RSI14=64.41 indicates overbought conditions. Recent losing streak and low win rate suggest caution.,0.4,RSI_overbought;Trend_Strength,price_action,mean_reversion;trend_following
2022-03-03T00:00:00+00:00,GOLD,entry,Active-Guardian: Market is in Green Zone. 1% risk enforced. EMA20/50 rejection and RSI=66.89 detected. Decisive entry with tight protection.,0.8,EMA_rejection;RSI_bullish,indicator_crossover,trend_following;mean_reversion
2022-03-07T00:00:00+00:00,GOLD,entry,Active-Guardian: Market is in Green Zone. 1% risk enforced. Bullish MACD crossover and RSI above 50 detected. Decisive entry with tight protection.,0.8,MACD_crossover;RSI_above_50,indicator_crossover,trend_following
2022-03-08T00:00:00+00:00,GOLD,entry,Active-Guardian: Market is in Active mode. 1% risk enforced. Bullish MACD crossover and RSI above 70 detected. Decisive entry with tight protection.,0.82,MACD_crossover;RSI_oversold,indicator_crossover,trend_following
2022-03-09T00:00:00+00:00,GOLD,close,Active-Guardian: Current price 1988.2 is below entry price 2044.52598. Unrealized PnL is -8.61. Closing the position to limit losses.,0.82,,,risk_management
2022-03-10T00:00:00+00:00,GOLD,entry,Active-Guardian: Market is in ACTIVE mode. 1% risk enforced. Bullish MACD crossover and RSI above 50 detected. Decisive entry with tight protection.,0.82,MACD_crossover;RSI_above_50;EMA_alignment,indicator_crossover;trend_following,trend_following;mean_reversion
2022-03-14T00:00:00+00:00,GOLD,close,Active-Guardian: Current price 1960.8 is below entry price 2001.60024. Unrealized PnL is -7.73. Closing the position to limit losses.,0.82,,,risk_management
2022-03-15T00:00:00+00:00,GOLD,entry,"Active-Guardian: Market is in Green Zone. Bullish MACD crossover and RSI at 52.70 indicate potential for upward movement. Recent price action shows rejection of lower prices, suggesting a potential long opportunity.",0.8,MACD_crossover;RSI_momentum;EMA_alignment,indicator_crossover;trend_reversal,trend_following;mean_reversion
2022-03-16T00:00:00+00:00,GOLD,close,Active-Guardian: Closing current long position due to unrealized loss and recent losing streak. Current price 1909.2 is below entry price 1930.85782. Unrealized PnL is -5.14. Closing the position to limit losses.,0.8,,,risk_management
2022-03-17T00:00:00+00:00,GOLD,entry,Active-Guardian: Market is in Green Zone. 1% risk enforced. EMA20/50 alignment and RSI54.52 detected. Decisive entry with tight protection.,0.82,EMA_alignment;RSI_momentum,price_rejection;indicator_crossover,trend_following;mean_reversion
2022-03-21T00:00:00+00:00,GOLD,close,Active-Guardian: Closing current long position due to unrealized loss and recent market conditions. Current price 1929.5 is below entry price 1944.3659200000002. Unrealized PnL is -4.17. Closing the position to limit losses.,0.0,,,risk_management
2022-03-23T00:00:00+00:00,GOLD,entry,Active-Guardian: Market is in Green Zone. 1% risk enforced. EMA20/50 alignment and RSI 53.42 detected. Decisive entry with tight protection.,0.82,EMA_alignment;RSI_momentum,indicator_crossover,trend_following;mean_reversion
2022-03-24T00:00:00+00:00,GOLD,hold,Active-Guardian: Holding current long position. Price is above entry price 1938.46238. Unrealized PnL is 7.77. Current price 1962.2 is approaching profit target 1975.69.,0.82,EMA_alignment;RSI_momentum;price_above_ema20,trend_following;mean_reversion,trend_following;mean_reversion
2022-03-28T00:00:00+00:00,GOLD,hold,Active-Guardian: Holding current long position. Price is above entry price 1938.46238. Unrealized PnL is 0.44. Current price 1939.8 is near the profit target 1975.69.,0.82,EMA_alignment;RSI_momentum,trend_following,trend_following
2022-03-29T00:00:00+00:00,GOLD,reject,"Active-Guardian: Current market conditions and recent losing streak suggest caution. Volatility Ratio (VR) is 1.19, indicating a Green Zone, but the Trend Strength Score is 0.27, which is low. Recent trades have resulted in a 30% win rate, indicating potential strategy exploitation or market volatility. Rejecting entry to re-evaluate strategy and avoid further losses.",0.4,,,risk_management;strategy_adjustment
2022-03-30T00:00:00+00:00,GOLD,reject,"Active-Guardian: Current market conditions and recent losing streak suggest caution. Volatility Ratio (VR) is 1.17, indicating a green zone, but the trend strength score is 0.30, and the MACD crossover is bearish. Recent trades have resulted in a 30% win rate, indicating potential strategy exploitation or market volatility. Rejecting entry to re-evaluate strategy and avoid further losses.",0.4,,,risk_management;market_analysis
2022-04-04T00:00:00+00:00,GOLD,reject,Active-Guardian: Current price 1930.6 is near recent resistance. RSI14=50.94 indicates neutral momentum. Recent losing streak and low win rate suggest caution.,0.4,neutral_RSI;recent_resistance,none,trend_following;mean_reversion
2022-04-12T00:00:00+00:00,GOLD,entry,Active-Guardian: Market is in Green Zone. 1% risk enforced. EMA20/50 alignment and RSI 58.60 detected. Decisive entry with tight protection.,0.8,EMA_alignment;RSI_momentum,indicator_crossover,trend_following;mean_reversion
2022-04-13T00:00:00+00:00,GOLD,hold,Active-Guardian: Market is in Green Zone. Current long position has unrealized PnL of $2.07. Holding to target profit of $2000.0.,0.8,EMA_alignment;MACD_bullish;Trend_strength,price_breakout;RSI_bullish,trend_following;mean_reversion
2022-04-19T00:00:00+00:00,GOLD,entry,Active-Guardian: Market is in Green Zone. 1% risk enforced. Bullish MACD crossover and RSI at 53.74 detected. Decisive entry with tight protection.,0.82,MACD_crossover;RSI_momentum,indicator_crossover,trend_following;mean_reversion
2022-04-20T00:00:00+00:00,GOLD,close,Active-Guardian: Current price 1952.9 is below entry price 1957.4737799999998. Unrealized PnL is -1.59. Closing the position to limit losses.,0.82,,stop_loss,risk_management
2022-04-25T00:00:00+00:00,GOLD,reject,"Active-Guardian: Current market conditions indicate a bearish MACD crossover and low RSI, but recent losing streak and low trend strength score suggest caution. Volatility Ratio is in the ACTIVE zone, but drawdown protection is not active. Rejecting entry due to low confidence and potential for further losses.",0.4,MACD_crossover;RSI_low,indicator_crossover,trend_following;mean_reversion
2022-04-27T00:00:00+00:00,GOLD,reject,"Active-Guardian: Current market conditions and recent losing streak suggest caution. Volatility Ratio (VR) is 0.96, indicating a Green Zone, but the trend strength score is -0.09, and the RSI is 40.32, which is not oversold. Recent trades have resulted in a 30% win rate, indicating the need for a more selective approach.",0.4,,,trend_following;risk_management
2022-05-02T00:00:00+00:00,GOLD,reject,"Active-Guardian: Current market conditions and recent losing streak suggest caution. Volatility Ratio (VR) is 0.98, indicating a Green Zone, but the Trend Strength Score is -0.19, and the RSI is 37.05, which is not oversold enough to warrant a long entry. Recent trade outcomes show a 30% win rate, indicating the need for a more selective approach.",0.0,,,risk_management;market_analysis
2022-05-09T00:00:00+00:00,GOLD,reject,"Active-Guardian: Current market conditions and recent losing streak suggest caution. Volatility Ratio (VR) is 0.99, indicating a Green Zone, but the Trend Strength Score is -0.32, and the RSI is 37.36, which is not oversold enough for a long entry. Recent trades have resulted in losses, and the current price is below the EMA20 and EMA50, indicating a bearish trend.",0.4,,,trend_following;mean_reversion
2022-05-10T00:00:00+00:00,GOLD,reject,"Active-Guardian: Current market conditions and recent losing streak suggest caution. Volatility Ratio is 0.99, indicating a green zone, but the trend strength score is -0.34 and RSI is 34.34, suggesting a potential downtrend. Rejecting entry to limit losses.",0.2,,,risk_management;trend_following
2022-05-12T00:00:00+00:00,GOLD,reject,Active-Guardian: Current market conditions indicate a bearish trend with a MACD crossover and low RSI. Recent losing streak and high volatility ratio suggest caution. Rejecting entry to limit losses.,0.4,MACD_crossover;RSI_oversold,trend_reversal,trend_following;mean_reversion
2022-05-16T00:00:00+00:00,GOLD,entry,Active-Guardian: Market is in Green Zone. 1% risk enforced. EMA20/50 alignment and RSI oversold detected. Decisive entry with tight protection.,0.8,EMA_alignment;RSI_oversold,indicator_crossover,trend_following;mean_reversion
2022-05-17T00:00:00+00:00,GOLD,hold,Active-Guardian: Market is in Green Zone. Holding current long position due to recent entry and unrealized profit. ATR-based stop loss in place.,0.8,EMA_alignment;RSI_oversold;Volatility_stable,indicator_crossover;support_bounce,trend_following;mean_reversion
2022-05-18T00:00:00+00:00,GOLD,hold,Active-Guardian: Market is in Green Zone. Holding current long position due to recent entry and minimal unrealized loss. ATR-based stop loss in place.,0.8,EMA_alignment;RSI_undervalued,trend_following,trend_following;mean_reversion
2022-05-19T00:00:00+00:00,GOLD,hold,Active-Guardian: Holding current long position. Current price 1841.2 is above entry price 1815.0884. Unrealized PnL is 9.90. Maintaining the position with tight protection.,0.8,EMA_alignment;RSI_bounce;Volatility_stable,trend_following;mean_reversion,trend_following;mean_reversion
2022-05-24T00:00:00+00:00,GOLD,entry,Active-Guardian: Market is in Green Zone. 1% risk enforced. EMA20/50 rejection and RSI 47.72 detected. Decisive entry with tight protection.,0.82,EMA_rejection;RSI_mean_reversion,indicator_crossover,trend_following;mean_reversion
2022-05-25T00:00:00+00:00,GOLD,entry,Active-Guardian: Market is in Green Zone. 1% risk enforced. EMA20/50 alignment and RSI 43.38 suggest potential for mean reversion. Recent losing streak necessitates cautious entry.,0.82,EMA_alignment;RSI_mean_reversion;Volatility_stable,indicator_crossover;support_bounce,mean_reversion;trend_following
2022-05-26T00:00:00+00:00,GOLD,hold,"Active-Guardian: Holding current long position. Current price 1847.6 is near entry price 1847.40778. Unrealized PnL is 0.07. Market is in Green Zone (High Frequency, Normal Risk).",0.82,EMA_alignment;RSI_momentum,trend_following,trend_following
2022-05-31T00:00:00+00:00,GOLD,close,Active-Guardian: Closing current long position due to recent losing streak and current market conditions. Current price 1845.2 is below entry price 1847.40778. Unrealized PnL is -0.77. Closing the position to limit losses.,0.82,,unrealized_loss;recent_streak,risk_management;loss_limitation
2022-06-02T00:00:00+00:00,GOLD,reject,"Active-Guardian: Current market conditions and recent losing streak suggest caution. Volatility Ratio (VR) is 0.89, indicating a Green Zone, but the Trend Strength Score is 0.36, which is relatively low. Recent trades have resulted in losses, and the current price is 1868.4, which does not provide a strong entry signal.",0.4,,,risk_management;market_sentiment
2022-06-06T00:00:00+00:00,GOLD,entry,Active-Guardian: Market is in Green Zone. 1% risk enforced. Bullish MACD crossover and RSI at 43.34 detected. Decisive entry with tight protection.,0.82,MACD_crossover;RSI_midline,indicator_crossover,trend_following;mean_reversion
2022-06-07T00:00:00+00:00,GOLD,hold,"Active-Guardian: Holding current long position. Market is in Green Zone. Recent price action and indicators suggest a potential bounce. EMA20 and EMA50 alignment, RSI, and MACD histogram support the hold decision.",0.82,EMA_alignment;RSI_bounce;MACD_histogram,indicator_alignment;support_bounce,trend_following;mean_reversion
2022-06-08T00:00:00+00:00,GOLD,hold,"Active-Guardian: Holding current long position due to recent market conditions and current price being above entry price. Trend strength score is 0.33, indicating a potential for continuation.",0.82,EMA_alignment;RSI_momentum;MACD_crossover,trend_following;mean_reversion,trend_following;mean_reversion
2022-06-09T00:00:00+00:00,GOLD,hold,Active-Guardian: Market is in Green Zone. Current long position has unrealized profit. Holding to target profit.,0.82,EMA_alignment;RSI_momentum;MACD_crossover,trend_following,trend_following
2022-06-13T00:00:00+00:00,GOLD,entry,Active-Guardian: Market is in Green Zone. 1% risk enforced. EMA20/50 alignment and RSI below 50 detected. Decisive entry with tight protection.,0.6,EMA_alignment;RSI_undersold;MACD_bullish,indicator_crossover;support_bounce,trend_following;mean_reversion
2022-06-14T00:00:00+00:00,GOLD,entry,Active-Guardian: Market is in Green Zone. 1% risk enforced. EMA20/50 alignment and RSI below 40 detected. Decisive entry with tight protection.,0.8,EMA_alignment;RSI_oversold,indicator_crossover,trend_following;mean_reversion
2022-06-15T00:00:00+00:00,GOLD,hold,Active-Guardian: Holding current long position. Current price 1816.3 is above entry price 1811.5863. Unrealized PnL is 2.03. Continuing to monitor the position.,0.8,,,trend_following
2022-06-16T00:00:00+00:00,GOLD,entry,Active-Guardian: Market is in Green Zone. 1% risk enforced. Bullish MACD crossover and RSI at 48.23 detected. Decisive entry with tight protection.,0.82,MACD_crossover;RSI_midline,indicator_crossover,trend_following;mean_reversion
2022-06-21T00:00:00+00:00,GOLD,close,Active-Guardian: Closing current long position due to unrealized loss and recent market conditions. Current price 1835.4 is below entry price 1847.7079599999997. Unrealized PnL is -4.20. Closing the position to limit losses.,0.6,,unrealized_loss;market_conditions,risk_management;loss_limitation
2022-07-05T00:00:00+00:00,GOLD,entry,"Active-Guardian: Market is in Green Zone. 1% risk enforced. RSI is oversold at 28.93, and price is near a historical support level. Decisive entry with tight protection.",0.8,RSI_oversold;support_bounce,indicator_oversold;support_test,mean_reversion
2022-07-06T00:00:00+00:00,GOLD,close,Active-Guardian: Closing current long position due to unrealized loss and recent market conditions. Current price 1736.5 is below entry price 1764.9583400000001. Unrealized PnL is -5.95. Closing the position to limit losses.,0.8,,stop_loss,risk_management
2022-07-07T00:00:00+00:00,GOLD,entry,Active-Guardian: Market is in Active mode. 1% risk enforced. EMA20/50 alignment and RSI oversold detected. Decisive entry with tight protection.,0.82,EMA_alignment;RSI_oversold,support_bounce,mean_reversion;trend_following
2022-07-11T00:00:00+00:00,GOLD,close,Active-Guardian: Closing current long position due to unrealized loss and recent market conditions. Current price 1731.7 is below entry price 1740.7438200000001. Unrealized PnL is -1.66. Closing the position to limit losses.,0.82,,unrealized_loss;market_conditions,risk_management;loss_limitation
2022-07-12T00:00:00+00:00,GOLD,entry,Active-Guardian: Market is in Green Zone. RSI14=24.01 indicates oversold conditions. EMA20 and EMA50 alignment suggests potential reversal. MACD histogram momentum shift supports long entry.,0.8,RSI_oversold;EMA_alignment;MACD_momentum_shift,indicator_crossover;support_bounce,mean_reversion;trend_following
2022-07-13T00:00:00+00:00,GOLD,hold,Active-Guardian: Market is in Green Zone. Holding current long position due to recent price movement and current market conditions. Current price 1735.5 is above entry price 1725.8348799999999. Unrealized PnL is 1.97. Continuing to monitor the position.,0.8,EMA_alignment;RSI_oversold;price_bounce,indicator_crossover;support_bounce,trend_following;mean_reversion
2022-07-14T00:00:00+00:00,GOLD,close,Active-Guardian: Current price 1705.8 is below entry price 1725.8348799999999. Unrealized PnL is -4.07. Closing the position to limit losses due to recent losing streak and current market conditions.,0.6,,stop_loss,risk_management
2022-07-18T00:00:00+00:00,GOLD,entry,Active-Guardian: Market is in Green Zone. 1% risk enforced. EMA20/50 rejection and RSI oversold detected. Decisive entry with tight protection.,0.8,EMA_rejection;RSI_oversold,indicator_crossover;support_bounce,mean_reversion;trend_following
2022-07-19T00:00:00+00:00,GOLD,close,"Active-Guardian: Closing current long position due to recent losing streak, current market conditions, and the price being below the entry price. The current price 1710.7 is below the entry price 1711.22612. Unrealized PnL is -0.16. Closing the position to limit losses.",0.8,losing_streak;market_conditions;price_below_entry,stop_loss;unrealized_loss,risk_management;loss_limitation
2022-07-20T00:00:00+00:00,GOLD,entry,Active-Guardian: Market is in Green Zone. RSI14=24.64 indicates oversold conditions. EMA20 and EMA50 alignment suggests potential for mean reversion. Recent losing streak warrants cautious entry with tight stop loss.,0.6,RSI_oversold;EMA_alignment,support_bounce,mean_reversion
2022-07-21T00:00:00+00:00,GOLD,reject,"Active-Guardian: Current market conditions and recent losing streak suggest a cautious approach. Volatility Ratio (VR) is 0.87, indicating a high-frequency environment, but the trend strength score is -0.13, and the RSI is 30.57, suggesting a potential oversold condition. However, given the recent losses, it's prudent to reject new entries and reassess the market.",0.0,,,risk_management;market_assessment
2022-07-25T00:00:00+00:00,GOLD,entry,Active-Guardian: Market is in Green Zone. 1% risk enforced. EMA20/50 alignment and RSI oversold detected. Decisive entry with tight protection.,0.62,EMA_alignment;RSI_oversold,indicator_crossover,trend_following;mean_reversion
2022-07-26T00:00:00+00:00,GOLD,close,"Active-Guardian: Closing current long position due to recent losing streak, current market conditions, and the price being below the entry price. The current price 1717.7 is below the entry price 1720.1314599999998. Unrealized PnL is -0.82. Closing the position to limit losses.",0.62,,stop_loss,risk_management
2022-07-27T00:00:00+00:00,GOLD,entry,Active-Guardian: Market is in Green Zone. 1% risk enforced. EMA20/50 rejection and RSI bouncing from 33.38 detected. Decisive entry with tight protection.,0.8,EMA_rejection;RSI_oversold_bounce,indicator_crossover,trend_following;mean_reversion
2022-07-28T00:00:00+00:00,GOLD,entry,Active-Guardian: Market is in Green Zone. 1% risk enforced. EMA20/50 rejection and RSI below 50 detected. Decisive entry with tight protection.,0.6,EMA_rejection;RSI_undersold,indicator_crossover,trend_following;mean_reversion
2022-08-01T00:00:00+00:00,GOLD,hold,Active-Guardian: Holding current long position due to recent price movement above the entry price and current market conditions. The current price 1772.7 is above the entry price 1755.45264. Unrealized PnL is 4.49. Continuing to hold the position to maximize potential gains.,0.6,EMA_alignment;MACD_crossover;price_above_entry,trend_following;mean_reversion,trend_following;mean_reversion
2022-08-04T00:00:00+00:00,GOLD,entry,Active-Guardian: Market is in Green Zone. 1% risk enforced. Bullish MACD crossover and RSI at 57.48 detected. Decisive entry with tight protection.,0.8,MACD_crossover;RSI_bullish,indicator_crossover,trend_following
2022-08-08T00:00:00+00:00,GOLD,close,"Active-Guardian: Closing current long position due to recent losing streak, current market conditions, and the price being below the entry price. The current price 1789.6 is below the entry price 1792.2747200000001. Unrealized PnL is -0.77. Closing the position to limit losses.",0.6,,recent_losing_streak;unrealized_loss,risk_management;loss_limitation
2022-08-22T00:00:00+00:00,GOLD,reject,"Active-Guardian: Current market conditions and recent losing streak suggest caution. Volatility Ratio (VR) is 0.81, indicating a Green Zone, but the Trend Strength Score is low (0.12), and the RSI is not in oversold territory (38.05). Recent trades have resulted in losses, and the current price is below the EMA20 and EMA50, indicating a potential downtrend. Rejecting entry to avoid further losses.",0.2,,,trend_following;risk_management
2022-08-29T00:00:00+00:00,GOLD,reject,"Active-Guardian: Current market conditions and recent losing streak suggest caution. Volatility Ratio (VR) is 0.81, indicating a Green Zone, but the trend strength score is low (0.02), and the MACD crossover is bearish. RSI14 is 40.82, which is not oversold. Given the recent losses and market sentiment, it's prudent to reject entries and wait for clearer signals.",0.2,,,risk_management;market_sentiment
2022-09-01T00:00:00+00:00,GOLD,reject,"Active-Guardian: Current market conditions and recent losing streak suggest caution. Volatility Ratio (VR) is 0.80, indicating a Green Zone, but the Trend Strength Score is -0.16, and the RSI is 31.93, which is oversold. Given the recent losses and the current market sentiment, it's prudent to reject new entries and reassess the strategy.",0.0,,,risk_management;market_sentiment
2022-09-06T00:00:00+00:00,GOLD,reject,"Active-Guardian: Market is in Green Zone but recent losing streak and current market conditions suggest being more selective. RSI14=33.60 indicates potential oversold conditions, but MACD crossover is bearish and Trend Strength Score is -0.17, suggesting a cautious approach.",0.4,,,trend_following;mean_reversion
2022-09-07T00:00:00+00:00,GOLD,reject,"Active-Guardian: Current market conditions and recent losing streak suggest a cautious approach. Volatility Ratio (VR) is 0.82, indicating a Green Zone, but the trend strength score is -0.10, and the RSI is 39.86, which is not oversold. The MACD crossover is bearish, and the recent trade outcomes have been mostly losses. Therefore, it's prudent to reject entries for now and reassess the market.",0.2,,,trend_following;risk_management
2022-09-12T00:00:00+00:00,GOLD,reject,"Active-Guardian: Current market conditions and recent losing streak suggest a cautious approach. Volatility Ratio (VR) is 0.83, indicating a Green Zone, but the trend strength score is 0.03, and the MACD crossover is bearish. Recent trades have resulted in losses, and the current price is below the EMA20 and EMA50. Rejecting entry to limit further losses and re-evaluate market conditions.",0.0,,,
2022-09-13T00:00:00+00:00,GOLD,reject,"Active-Guardian: Current market conditions and recent losing streak suggest caution. Volatility Ratio (VR) is 0.86, indicating a Green Zone, but the trend strength score is -0.01, and the RSI is 39.43, which is not oversold. Recent trades have resulted in losses, and the current price is below the EMA20 and EMA50, indicating a bearish trend.",0.2,,,trend_following;risk_management
2022-09-15T00:00:00+00:00,GOLD,entry,Active-Guardian: Market is in Green Zone. 2 confluence factors detected: EMA20/50 alignment and RSI14=31.21. Entry with tight protection due to recent losing streak.,0.6,EMA_alignment;RSI_oversold,support_bounce,mean_reversion
2022-09-19T00:00:00+00:00,GOLD,hold,"Active-Guardian: Market is in Green Zone. Current long position is being held due to recent entry and current market conditions. RSI is 31.52, indicating potential for mean reversion.",0.6,EMA_alignment;RSI_oversold,support_bounce,mean_reversion
2022-09-20T00:00:00+00:00,GOLD,close,"Active-Guardian: Closing current long position due to recent losing streak, current market conditions, and the price being below the entry price. The current price 1661.0 is below the entry price 1667.80008. Unrealized PnL is -2.27. Closing the position to limit losses.",0.4,losing_streak;price_below_entry,unrealized_loss,risk_management;loss_limitation
2022-09-21T00:00:00+00:00,GOLD,reject,"Active-Guardian: Current market conditions and recent losing streak suggest a cautious approach. The Volatility Ratio (VR) is 0.87, indicating a Green Zone, but the Trend Strength Score is -0.33, and the RSI is 32.34, which is not oversold enough for a long entry. Rejecting entry due to low confidence and potential for further downside.",0.2,,,trend_following;mean_reversion
2022-09-22T00:00:00+00:00,GOLD,reject,Active-Guardian: Market is in Green Zone but recent losing streak and current market conditions suggest caution. No strong confluence factors detected.,0.2,,,risk_management
2022-09-26T00:00:00+00:00,GOLD,reject,"Active-Guardian: Market is in a losing streak. Recent trades have resulted in losses, and the current market conditions do not favor an entry. The RSI is at 26.19, indicating oversold conditions, but the overall trend strength score is -0.39, suggesting a bearish trend. Volatility Ratio (VR) is 0.94, which is in the ACTIVE zone, but given the recent performance, it's prudent to be cautious.",0.2,,,trend_following;risk_management
2022-09-27T00:00:00+00:00,GOLD,entry,Active-Guardian: Market is in Green Zone. 2 confluence factors detected: RSI is oversold (27.36) and price is near a historical support level. Entry with tight protection.,0.8,RSI_oversold;support_bounce,indicator_crossover,mean_reversion
2022-09-28T00:00:00+00:00,GOLD,reject,Active-Guardian: Market is in Green Zone but recent losing streak and current market conditions suggest caution. No strong confluence factors detected to justify entry.,0.4,,,risk_management;market_sentiment
2022-10-03T00:00:00+00:00,GOLD,entry,Active-Guardian: Market is in Green Zone. 1% risk enforced. Bullish MACD crossover and RSI at 49.84 detected. Decisive entry with tight protection.,0.62,MACD_crossover;RSI_midline,indicator_crossover,trend_following;mean_reversion
2022-10-04T00:00:00+00:00,GOLD,entry,Active-Guardian: Market is in Green Zone. 2 confluence factors detected: EMA20/50 alignment and RSI above 50. Decisive entry with tight protection.,0.82,EMA_alignment;RSI_above_50,indicator_crossover,trend_following;mean_reversion
2022-10-06T00:00:00+00:00,GOLD,close,Active-Guardian: Current price 1715.5 is below entry price 1726.5353. Unrealized PnL is -2.84. Closing the position to limit losses due to recent losing streak and current market conditions.,0.82,,stop_loss,risk_management
2022-10-10T00:00:00+00:00,GOLD,entry,Active-Guardian: Market is in Green Zone. 1% risk enforced. Bullish MACD crossover and RSI below 50 detected. Decisive entry with tight protection.,0.82,MACD_crossover;RSI_undersold;EMA_alignment,indicator_crossover;trend_reversal,trend_following;mean_reversion
2022-10-11T00:00:00+00:00,GOLD,hold,"Active-Guardian: Holding current long position due to bullish MACD crossover, current price above EMA20, and the recent winning trades. The current price 1680.9 is above the entry price 1671.1020599999997. Unrealized PnL is 2.95. Continuing the position to maximize gains.",0.82,MACD_crossover;EMA_alignment;recent_winning_trades,indicator_crossover;trend_following,trend_following;mean_reversion
2022-10-12T00:00:00+00:00,GOLD,hold,Active-Guardian: Market is in Green Zone. Current long position is being held due to bullish MACD crossover and RSI below 50. Tight stop loss in place.,0.82,MACD_crossover;RSI_below_50,indicator_crossover,trend_following
2022-10-13T00:00:00+00:00,GOLD,hold,Active-Guardian: Holding current long position due to current market conditions and the price being near the entry price. The current price 1671.8 is near the entry price 1671.1020599999997. Unrealized PnL is 0.21. Holding the position to maximize potential gains.,0.82,EMA_alignment;RSI_momentum;MACD_crossover,indicator_crossover;support_bounce,trend_following;mean_reversion
2022-10-17T00:00:00+00:00,GOLD,close,"Active-Guardian: Closing current long position due to recent losing streak, current market conditions, and the price being below the entry price. The current price 1658.9 is below the entry price 1671.1020599999997. Unrealized PnL is -3.68. Closing the position to limit losses.",0.82,price_below_entry;recent_losing_streak;unrealized_pnl,stop_loss_hit;unrealized_pnl_limit,risk_management;loss_limitation;position_protection
2022-10-19T00:00:00+00:00,GOLD,entry,Active-Guardian: Market is in Green Zone. 1% risk enforced. EMA20/50 rejection and RSI oversold detected. Decisive entry with tight protection.,0.8,EMA_rejection;RSI_oversold,indicator_crossover,mean_reversion
2022-10-20T00:00:00+00:00,GOLD,hold,Active-Guardian: Holding current long position due to recent market conditions and the price being above the entry price. The current price 1631.8 is above the entry price 1629.9774. Unrealized PnL is 0.57. Continuing to hold the position to maximize gains.,0.8,EMA_alignment;RSI_bounce;Volatility_stable,indicator_crossover;support_bounce,trend_following;mean_reversion
2022-10-24T00:00:00+00:00,GOLD,entry,Active-Guardian: Market is in Active mode. 1% risk enforced. EMA20/50 alignment and RSI below 50 detected. Decisive entry with tight protection.,0.8,EMA_alignment;RSI_undersold,indicator_crossover,trend_following;mean_reversion
2022-10-25T00:00:00+00:00,GOLD,hold,Active-Guardian: Market is in Green Zone. Current long position has unrealized PnL of $0.97. Holding the position with tight protection.,0.8,EMA_alignment;RSI_level,trend_following,trend_following
2022-10-26T00:00:00+00:00,GOLD,hold,Active-Guardian: Holding current long position due to current market conditions and the price being above the entry price. The current price 1664.4 is above the entry price 1650.18952. Unrealized PnL is 4.42. Continuing to hold the position to maximize gains.,0.8,EMA_alignment;RSI_momentum;price_above_entry,trend_following;mean_reversion,trend_following;mean_reversion
2022-10-27T00:00:00+00:00,GOLD,hold,Active-Guardian: Holding current long position. The current price 1660.3 is above the entry price 1650.18952. Unrealized PnL is 3.14. Continuing to hold with tight protection.,0.8,EMA_alignment;RSI_momentum;price_above_entry,trend_following;mean_reversion,trend_following;mean_reversion
2022-10-31T00:00:00+00:00,GOLD,close,"Active-Guardian: Closing current long position due to recent losing streak, current market conditions, and the price being below the entry price. The current price 1640.7 is below the entry price 1650.18952. Unrealized PnL is -2.95. Closing the position to limit losses.",0.8,,,risk_management
2022-11-03T00:00:00+00:00,GOLD,entry,"Active-Guardian: Market is in Green Zone. EMA20 and EMA50 alignment with bullish MACD crossover. RSI is at 38.90, indicating potential for mean reversion. Recent price action shows rejection of lower prices, suggesting a bounce.",0.82,EMA_alignment;MACD_crossover;RSI_mean_reversion,indicator_crossover;support_bounce,trend_following;mean_reversion
2022-11-07T00:00:00+00:00,GOLD,entry,Active-Guardian: Market is in Green Zone. EMA20/50 alignment and RSI 53.30 suggest a potential long entry. MACD crossover is bullish. Risking 1% of available balance.,0.82,EMA_alignment;RSI_momentum;MACD_crossover,indicator_crossover;trend_reversal,trend_following;mean_reversion
2022-11-08T00:00:00+00:00,GOLD,entry,Active-Guardian: Market is in Green Zone. 1% risk enforced. Bullish MACD crossover and RSI at 60.48 detected. Decisive entry with tight protection.,0.82,MACD_crossover;RSI_bullish,indicator_crossover,trend_following;mean_reversion
2022-11-09T00:00:00+00:00,GOLD,close,"Active-Guardian: Closing current long position due to recent losing streak, current market conditions, and the price being below the entry price. The current price 1713.7 is below the entry price 1717.0296. Unrealized PnL is -0.85. Closing the position to limit losses.",0.82,EMA_alignment;RSI_level;MACD_crossover,price_below_entry,trend_following;mean_reversion;risk_management
2022-11-10T00:00:00+00:00,GOLD,entry,Active-Guardian: Market is in Active mode. 2 confluence factors detected - EMA20/50 alignment and bullish MACD crossover. Entry with tight protection.,0.82,EMA_alignment;MACD_crossover,indicator_crossover,trend_following
2022-11-14T00:00:00+00:00,GOLD,hold,Active-Guardian: Holding current long position due to bullish trend strength and MACD crossover. Current price 1776.9 is above the entry price 1754.75222. Unrealized PnL is 6.04. Continuing to hold with tight protection.,0.82,EMA_alignment;MACD_crossover;Trend_strength,trend_following,trend_following
2022-11-15T00:00:00+00:00,GOLD,entry,Active-Guardian: Market is in Green Zone. 1% risk enforced. Bullish MACD crossover and RSI above 50 detected. Decisive entry with tight protection.,0.82,MACD_crossover;RSI_above_50;EMA_alignment,indicator_crossover;trend_continuation,trend_following;mean_reversion
2022-11-16T00:00:00+00:00,GOLD,hold,"Active-Guardian: Holding current long position. Current price 1775.8 is above the initial stop 1753.19. Trend strength score is 1.59, indicating a strong trend. EMA alignment and MACD crossover are bullish.",0.82,EMA_alignment;MACD_crossover;Trend_strength,indicator_crossover,trend_following
2022-11-17T00:00:00+00:00,GOLD,close,Active-Guardian: Current price 1763.0 is below entry price 1777.86608. Unrealized PnL is -5.75. Closing the position to limit losses due to recent market conditions.,0.82,,stop_loss,risk_management
2022-11-21T00:00:00+00:00,GOLD,entry,Active-Guardian: Market is in Green Zone. EMA20/50 alignment and MACD crossover detected. Recent RSI level suggests potential for mean reversion.,0.82,EMA_alignment;MACD_crossover;RSI_mean_reversion,indicator_crossover;support_bounce,trend_following;mean_reversion
2022-11-22T00:00:00+00:00,GOLD,hold,"Active-Guardian: Market is in Green Zone. Current long position is being held due to the bullish MACD crossover and the price being above the EMA20. The trend strength score is 0.92, indicating a strong uptrend.",0.82,MACD_crossover;EMA_alignment;Trend_strength,indicator_crossover;trend_following,trend_following;mean_reversion
2022-11-23T00:00:00+00:00,GOLD,hold,Active-Guardian: Market is in Green Zone. Current price 1745.6 is above entry price 1740.64376. Holding the position due to bullish MACD crossover and trend strength score of 0.81.,0.82,MACD_crossover;EMA_alignment;Trend_strength,indicator_crossover;trend_following,trend_following;mean_reversion
2022-11-28T00:00:00+00:00,GOLD,hold,"Active-Guardian: Holding current long position. The current price 1740.3 is above the entry price 1740.64376. Trend strength score is 0.70 and RSI14 is 57.77, indicating a potential continuation of the trend.",0.82,EMA_alignment;RSI_momentum;Trend_strength,trend_following,trend_following
2022-11-29T00:00:00+00:00,GOLD,hold,Active-Guardian: Market is in Green Zone. Current long position is profitable with an unrealized PnL of 3.25. Holding the position with a tight stop loss to protect gains.,0.82,EMA_alignment;RSI_above_50;MACD_bullish,price_above_ema20;rsi_bounce,trend_following;mean_reversion
2022-11-30T00:00:00+00:00,GOLD,hold,Active-Guardian: Market is in Green Zone. Current long position has unrealized PnL of $2.61. Holding the position with tight protection.,0.82,EMA_alignment;RSI_above_50;MACD_bullish,trend_following,trend_following
2022-12-01T00:00:00+00:00,GOLD,entry,Active-Guardian: Market is in Green Zone. 1% risk enforced. Bullish MACD crossover and RSI above 50 detected. Decisive entry with tight protection.,0.82,MACD_crossover;RSI_above_50;EMA_alignment,indicator_crossover;trend_continuation,trend_following;momentum_trading
2022-12-05T00:00:00+00:00,GOLD,entry,"Active-Guardian: Market is in Green Zone. Bullish MACD crossover and RSI at 60.21 indicate potential for upside. Recent price action shows support at 1750, suggesting a long entry with tight stop loss.",0.8,MACD_crossover;RSI_momentum;Support_bounce,indicator_crossover;trend_reversal,trend_following;mean_reversion
2022-12-06T00:00:00+00:00,GOLD,hold,"Active-Guardian: Market is in Green Zone. Current long position is being held due to bullish MACD crossover and RSI above 50. Trend strength score is 0.67, indicating a moderate uptrend.",0.8,MACD_crossover;RSI_above_50,indicator_crossover,trend_following
2022-12-07T00:00:00+00:00,GOLD,hold,"Active-Guardian: Holding current long position due to bullish MACD crossover, current price above EMA20, and the recent winning streak. The current price 1791.0 is above the entry price 1775.36458. Unrealized PnL is 5.83. Continuing to hold the position to maximize gains.",0.8,MACD_crossover;EMA_alignment;trend_strength,indicator_crossover;trend_following,trend_following;mean_reversion
2022-12-08T00:00:00+00:00,GOLD,hold,Active-Guardian: Market is in Active mode. 1% risk enforced. EMA alignment and MACD crossover detected. Holding current long position with tight protection.,0.8,EMA_alignment;MACD_crossover,trend_following,trend_following
2022-12-13T00:00:00+00:00,GOLD,entry,Active-Guardian: Market is in Green Zone. 1% risk enforced. Bullish MACD crossover and RSI above 50 detected. Decisive entry with tight protection.,0.82,MACD_crossover;RSI_above_50;EMA_alignment,indicator_crossover;trend_strength,trend_following;mean_reversion
2022-12-14T00:00:00+00:00,GOLD,close,Active-Guardian: Closing current long position due to current market conditions and the price being below the entry price. The current price 1811.5 is below the entry price 1819.39098. Unrealized PnL is -2.56. Closing the position to limit losses.,0.82,EMA_alignment;RSI_level,price_below_entry,risk_management;loss_limitation
2022-12-15T00:00:00+00:00,GOLD,entry,Active-Guardian: Market is in Green Zone. 1% risk enforced. EMA20/50 alignment and RSI 55.90 detected. Decisive entry with tight protection.,0.82,EMA_alignment;RSI_momentum,indicator_crossover,trend_following;mean_reversion
2022-12-19T00:00:00+00:00,GOLD,hold,Active-Guardian: Holding current long position due to current market conditions and the price being above the entry price. The current price 1791.0 is above the entry price 1781.66836. Unrealized PnL is 2.80. Continuing to hold the position to maximize gains.,0.82,EMA_alignment;RSI_momentum;Volatility_stable,indicator_crossover;support_bounce,trend_following;mean_reversion
2022-12-20T00:00:00+00:00,GOLD,entry,Active-Guardian: Market is in Green Zone. 1% risk enforced. Bullish MACD crossover and RSI below 70 detected. Decisive entry with tight protection.,0.82,MACD_crossover;RSI_below_70;EMA_alignment,indicator_crossover;trend_following,trend_following;mean_reversion
2022-12-21T00:00:00+00:00,GOLD,close,Active-Guardian: Closing current long position due to current market conditions and the price being below the entry price. The current price 1818.5 is below the entry price 1819.6911599999999. Unrealized PnL is -0.3843336804624225. Closing the position to limit losses.,0.82,,current_price_below_entry,risk_management
2022-12-22T00:00:00+00:00,GOLD,entry,"Active-Guardian: Market is in Green Zone. EMA20/50 alignment and RSI54.76 suggest potential for long entry. Recent price action indicates support at 1780.6, and MACD histogram momentum shift supports bullish momentum.",0.82,EMA_alignment;RSI_bullish;MACD_momentum,support_bounce;indicator_crossover,trend_following;mean_reversion
2022-12-27T00:00:00+00:00,GOLD,entry,Active-Guardian: Market is in Green Zone. 1% risk enforced. EMA20/50 alignment and RSI crossing 50 detected. Decisive entry with tight protection.,0.82,EMA_alignment;RSI_crossing,indicator_crossover,trend_following;mean_reversion
2022-12-28T00:00:00+00:00,GOLD,close,Active-Guardian: Closing current long position due to current market conditions and the price being below the entry price. The current price 1808.8 is below the entry price 1817.38978. Unrealized PnL is -3.04. Closing the position to limit losses.,0.82,price_below_entry,unrealized_loss,risk_management
2022-12-29T00:00:00+00:00,GOLD,entry,Active-Guardian: Market is in Green Zone. 1% risk enforced. EMA20/50 alignment and RSI above 50 detected. Decisive entry with tight protection.,0.8,EMA_alignment;RSI_above_50,price_breakout,trend_following;mean_reversion
2023-01-03T00:00:00+00:00,GOLD,entry,Active-Guardian: Market is in Green Zone. 1% risk enforced. EMA20/50 alignment and MACD crossover detected. Decisive entry with tight protection.,0.82,EMA_alignment;MACD_crossover;RSI_bullish,indicator_crossover;trend_following,trend_following;mean_reversion
2023-01-04T00:00:00+00:00,GOLD,hold,Active-Guardian: Market is in Green Zone. Current price 1859.0 is above entry price 1847.20766. Holding the position due to bullish trend strength and MACD crossover.,0.82,EMA_alignment;MACD_crossover;Trend_strength,indicator_crossover,trend_following
2023-01-05T00:00:00+00:00,GOLD,hold,"Active-Guardian: Holding current long position. Current price 1840.6 is above the initial stop 1790.0. Trend strength score is 0.82, indicating a strong uptrend.",0.82,EMA_alignment;MACD_crossover;trend_strength,price_above_initial_stop,trend_following
2023-01-09T00:00:00+00:00,GOLD,hold,Active-Guardian: Market is in Green Zone. Current long position is profitable with an unrealized PnL of $5.20. Holding the position with a profit target of $1900.0 and a stop loss of $1790.0.,0.82,EMA_alignment;RSI_bullish;MACD_crossover,trend_following,trend_following
2023-01-10T00:00:00+00:00,GOLD,hold,Active-Guardian: Market is in Active mode. Current price 1876.5 is above the entry price 1847.20766. Holding the position due to bullish trend strength and MACD crossover.,0.82,EMA_alignment;MACD_crossover;Trend_strength,trend_following,trend_following
2023-01-11T00:00:00+00:00,GOLD,hold,Active-Guardian: Market is in Green Zone. Current long position is profitable. Holding to target profit at 1900.0.,0.82,EMA_alignment;RSI_bullish;MACD_crossover,trend_following,trend_following
2023-01-12T00:00:00+00:00,GOLD,entry,Active-Guardian: Market is in Green Zone. 1% risk enforced. EMA20/50 rejection and RSI crossing 50 detected. Decisive entry with tight protection.,0.82,EMA_rejection;RSI_crossing,indicator_crossover;support_bounce,trend_following;mean_reversion
2023-01-17T00:00:00+00:00,GOLD,hold,Active-Guardian: Holding current long position due to current market conditions and the price being above the entry price. The current price 1909.9 is above the entry price 1899.9392799999998. Unrealized PnL is 1.96. Continuing to hold the position to maximize gains.,0.82,EMA_alignment;RSI_bullish;MACD_crossover,trend_following;mean_reversion,trend_following;mean_reversion
2023-01-18T00:00:00+00:00,GOLD,hold,Active-Guardian: Holding current long position due to current market conditions and the price being above the entry price. The current price 1907.0 is above the entry price 1899.9392799999998. Unrealized PnL is 1.39. Continuing to hold the position to maximize gains.,0.82,EMA_alignment;RSI_above_50;MACD_bullish,price_above_ema20;rsi_bullish_divergence,trend_following;mean_reversion
2023-01-19T00:00:00+00:00,GOLD,hold,Active-Guardian: Holding current long position due to current market conditions and the price being above the entry price. The current price 1923.9 is above the entry price 1899.9392799999998. Unrealized PnL is 4.71. Continuing to hold the position to maximize gains.,0.82,EMA_alignment;RSI_overbought;MACD_bullish,indicator_crossover;trend_strength,trend_following;momentum_trading
2023-01-23T00:00:00+00:00,GOLD,hold,Active-Guardian: Holding current long position due to current market conditions and the price being above the entry price. The current price 1928.6 is above the entry price 1899.9392799999998. Unrealized PnL is 5.63. Continuing to hold the position to maximize gains.,0.82,EMA_alignment;RSI_bullish;MACD_crossover,trend_following,trend_following
2023-01-24T00:00:00+00:00,GOLD,hold,Active-Guardian: Market is in Active mode. Current price 1935.4 is above the entry price 1899.9392799999998. Holding the long position with a profit target of 1960.0 and a stop loss of 1850.0.,0.82,EMA_alignment;RSI_bullish;MACD_crossover,trend_following;mean_reversion,trend_following;mean_reversion
2023-01-25T00:00:00+00:00,GOLD,hold,Active-Guardian: Holding current long position due to current market conditions and the price being above the entry price. The current price 1942.6 is above the entry price 1899.9392799999998. Unrealized PnL is 8.38. Holding the position to maximize gains.,0.82,EMA_alignment;RSI_bullish;MACD_crossover,indicator_crossover;trend_following,trend_following;mean_reversion
2023-01-26T00:00:00+00:00,GOLD,hold,Active-Guardian: Market is in Green Zone. 1% risk enforced. EMA20/50 alignment and RSI70 suggest bullish trend continuation. Holding current long position.,0.82,EMA_alignment;RSI_bullish;Trend_strength,trend_following,trend_following
2023-01-30T00:00:00+00:00,GOLD,hold,Active-Guardian: Market is in Active mode. 1% risk enforced. EMA alignment and MACD crossover detected. Holding current long position due to current market conditions and the price being above the entry price.,0.82,EMA_alignment;MACD_crossover,trend_following,trend_following
2023-01-31T00:00:00+00:00,GOLD,hold,Active-Guardian: Market is in Green Zone. 1% risk enforced. EMA20/50 rejection and RSI crossing 50 detected. Holding current long position with tight protection.,0.82,EMA_rejection;RSI_crossing_50,indicator_crossover,trend_following
2023-02-01T00:00:00+00:00,GOLD,entry,Active-Guardian: Market is in Green Zone. 1% risk enforced. EMA20/50 alignment and RSI70 suggest bullish momentum. Entry with tight protection.,0.8,EMA_alignment;RSI_bullish,price_breakout,trend_following
2023-02-02T00:00:00+00:00,GOLD,close,Active-Guardian: Closing current long position due to current market conditions and the price being below the entry price. The current price 1922.2 is below the entry price 1935.46058. Unrealized PnL is -3.71. Closing the position to limit losses.,0.8,,price_below_entry,risk_management
2023-02-06T00:00:00+00:00,GOLD,entry,Active-Guardian: Market is in Green Zone. 1% risk enforced. EMA20/50 alignment and RSI 48.16 suggest potential for long entry.,0.8,EMA_alignment;RSI_momentum,indicator_crossover,trend_following;mean_reversion
2023-02-07T00:00:00+00:00,GOLD,hold,Active-Guardian: Holding current long position due to current market conditions and the price being above the entry price. The current price 1876.5 is above the entry price 1872.3227200000001. Unrealized PnL is 1.8487077101714586. Continuing to hold the position to maximize gains.,0.8,EMA_alignment;RSI_momentum;price_above_entry,price_movement;trend_continuation,trend_following;mean_reversion
2023-02-08T00:00:00+00:00,GOLD,hold,Active-Guardian: Holding current long position due to current market conditions and the price being above the entry price. The current price 1882.2 is above the entry price 1872.3227200000001. Unrealized PnL is 4.371314274246094. Continuing to hold with tight protection.,0.8,EMA_alignment;RSI_momentum;price_above_entry,price_action;trend_following,trend_following;mean_reversion
2023-02-09T00:00:00+00:00,GOLD,hold,Active-Guardian: Holding current long position due to current market conditions and the price being near the entry price. The current price 1870.0 is close to the entry price 1872.3227200000001. Unrealized PnL is -1.027948897983805. Holding the position to maximize potential gains.,0.8,EMA_alignment;RSI_momentum,price_bounce,trend_following;mean_reversion
2023-02-13T00:00:00+00:00,GOLD,close,Active-Guardian: Closing current long position due to current market conditions and the price being below the entry price. The current price 1855.1 is below the entry price 1872.3227200000001. Unrealized PnL is -7.62. Closing the position to limit losses.,0.8,,price_below_entry,risk_management
2023-02-15T00:00:00+00:00,GOLD,entry,Active-Guardian: Market is in Green Zone. 1% risk enforced. EMA20/50 alignment and RSI below 50 detected. Decisive entry with tight protection.,0.82,EMA_alignment;RSI_undersold;Volatility_stable,indicator_crossover;support_bounce,trend_following;mean_reversion
2023-02-16T00:00:00+00:00,GOLD,hold,Active-Guardian: Holding current long position due to current market conditions and the price being above the entry price. The current price 1843.4 is above the entry price 1838.1022. Unrealized PnL is 2.87. Holding the position to maximize gains.,0.82,EMA_alignment;RSI_momentum;price_above_entry,trend_following;mean_reversion,trend_following;mean_reversion
2023-02-21T00:00:00+00:00,GOLD,close,Active-Guardian: Closing current long position due to current market conditions and the price being below the entry price. The current price 1834.2 is below the entry price 1838.1022. Unrealized PnL is -2.11. Closing the position to limit losses.,0.82,,,risk_management
2023-02-23T00:00:00+00:00,GOLD,entry,Active-Guardian: Market is in Active mode. 1% risk enforced. EMA20/50 alignment and RSI below 40 detected. Decisive entry with tight protection.,0.8,EMA_alignment;RSI_oversold,indicator_crossover,trend_following;mean_reversion
2023-02-27T00:00:00+00:00,GOLD,hold,Active-Guardian: Holding current long position due to current market conditions and the price being above the entry price. The current price 1824.9 is above the entry price 1819.89128. Unrealized PnL is 2.46. Continuing to hold the position to maximize gains.,0.8,EMA_alignment;RSI_below_50;Volatility_stable,trend_following;mean_reversion,trend_following;mean_reversion
2023-02-28T00:00:00+00:00,GOLD,hold,Active-Guardian: Holding current long position due to current market conditions and the price being above the entry price. The current price 1836.7 is above the entry price 1819.89128. Unrealized PnL is 8.25. Continuing to hold the position to maximize gains.,0.8,EMA_alignment;RSI_momentum;price_above_entry,trend_following;mean_reversion,trend_following;mean_reversion
2023-03-07T00:00:00+00:00,GOLD,entry,Active-Guardian: Market is in Green Zone. 2 confluence factors detected: EMA20/50 alignment and RSI below 50. Decisive entry with tight protection.,0.8,EMA_alignment;RSI_undersold,indicator_alignment;support_bounce,trend_following;mean_reversion
2023-03-08T00:00:00+00:00,GOLD,close,Active-Guardian: Closing current long position due to current market conditions and the price being below the entry price. The current price 1818.6 is below the entry price 1821.092. Unrealized PnL is -0.79. Closing the position to limit losses.,0.8,price_below_entry,stop_loss,risk_management
2023-03-09T00:00:00+00:00,GOLD,entry,"Active-Guardian: Market is in Green Zone. EMA20/50 alignment and RSI at 45.33 suggest potential for long entry. Recent price action shows rejection of lower prices, indicating strength.",0.82,EMA_alignment;RSI_mean_reversion;price_rejection,indicator_alignment;support_bounce,trend_following;mean_reversion
2023-03-13T00:00:00+00:00,GOLD,entry,"Active-Guardian: Market is in Green Zone. 1% risk enforced. EMA20/50 alignment and RSI=64.11 suggest a bullish trend. Recent price action shows a strong uptrend, with the current price 1916.5 being above the EMA200=1774.927. Entry justified with tight protection.",0.82,EMA_alignment;RSI_bullish;Trend_strength,trend_following;mean_reversion,trend_following;mean_reversion
2023-03-14T00:00:00+00:00,GOLD,hold,Active-Guardian: Holding current long position due to current market conditions and the price being above the entry price. The current price 1910.9 is above the entry price 1917.6499. Unrealized PnL is -1.81. Holding the position to maximize gains.,0.82,EMA_alignment;MACD_crossover;RSI_above_50,indicator_crossover;trend_strength,trend_following;mean_reversion
2023-03-15T00:00:00+00:00,GOLD,hold,Active-Guardian: Market is in Active mode. Current long position is profitable. Holding to maximize gains.,0.82,EMA_alignment;RSI_bullish;MACD_crossover,indicator_crossover;trend_strength,trend_following;mean_reversion
2023-03-16T00:00:00+00:00,GOLD,hold,Active-Guardian: Market is in Green Zone. Current long position is profitable. Holding to maximize gains.,0.82,EMA_alignment;RSI_bullish;MACD_crossover,trend_following,trend_following
2023-03-20T00:00:00+00:00,GOLD,entry,Active-Guardian: Market is in Green Zone. 1% risk enforced. EMA20/50 alignment and RSI=71.60 suggest bullish momentum. MACD crossover and Trend Strength Score support long entry.,0.82,EMA_alignment;RSI_bullish;MACD_crossover,indicator_crossover;trend_following,trend_following;momentum
2023-03-21T00:00:00+00:00,GOLD,entry,Active-Guardian: Market is in Green Zone. 1% risk enforced. EMA20/50 rejection and RSI crossing 50 detected. Decisive entry with tight protection.,0.82,EMA_rejection;RSI_crossing_50,indicator_crossover;support_bounce,trend_following;mean_reversion
2023-03-22T00:00:00+00:00,GOLD,hold,Active-Guardian: Holding current long position due to current market conditions and the price being above the entry price. The current price 1949.6 is above the entry price 1942.2646599999998. Unrealized PnL is 1.99. Continuing to hold the position with tight protection.,0.82,EMA_alignment;MACD_crossover;Trend_strength,price_above_entry,trend_following;mean_reversion
2023-03-23T00:00:00+00:00,GOLD,entry,Active-Guardian: Market is in Green Zone. 1% risk enforced. Bullish MACD crossover and RSI above 50 detected. Decisive entry with tight protection.,0.8,MACD_crossover;RSI_above_50;EMA_alignment,indicator_crossover;trend_following,trend_following;mean_reversion
2023-03-27T00:00:00+00:00,GOLD,entry,Active-Guardian: Market is in Green Zone. 1% risk enforced. Bullish MACD crossover and RSI at 59.34 detected. Decisive entry with tight protection.,0.82,MACD_crossover;RSI_bullish,indicator_crossover,trend_following
2023-03-28T00:00:00+00:00,GOLD,hold,Active-Guardian: Holding current long position due to current market conditions and the price being above the entry price. The current price 1973.5 is above the entry price 1954.9722799999997. Unrealized PnL is 5.34. Continuing to hold the position to maximize gains.,0.82,EMA_alignment;MACD_crossover;Trend_strength,price_above_ema;macd_bullish,trend_following;mean_reversion
2023-03-29T00:00:00+00:00,GOLD,hold,Active-Guardian: Holding current long position due to current market conditions and the price being above the entry price. The current price 1966.9 is above the entry price 1954.9722799999997. Unrealized PnL is 3.44. Holding the position to maximize gains.,0.82,EMA_alignment;RSI_momentum;MACD_crossover,trend_following;mean_reversion,trend_following;mean_reversion
2023-03-30T00:00:00+00:00,GOLD,hold,Active-Guardian: Holding current long position due to current market conditions and the price being above the entry price. The current price 1988.5 is above the entry price 1954.9722799999997. Unrealized PnL is 9.66. Continuing to hold the position to maximize gains.,0.82,EMA_alignment;RSI_above_50;MACD_bullish,price_above_ema20;rsi_momentum,trend_following;mean_reversion
2023-04-03T00:00:00+00:00,GOLD,hold,Active-Guardian: Holding current long position due to current market conditions and the price being above the entry price. The current price 1991.3 is above the entry price 1954.9722799999997. Unrealized PnL is 10.47. Continuing to hold the position to maximize gains.,0.82,EMA_alignment;RSI_above_50;MACD_bullish,price_above_ema20;rsi_bounce,trend_following;mean_reversion
2023-04-04T00:00:00+00:00,GOLD,entry,Active-Guardian: Market is in Green Zone. 1% risk enforced. Bullish MACD crossover and RSI above 50 detected. Decisive entry with tight protection.,0.82,MACD_crossover;RSI_above_50;EMA_alignment,indicator_crossover;trend_continuation,trend_following;momentum_trading
2023-04-05T00:00:00+00:00,GOLD,hold,Active-Guardian: Holding current long position due to current market conditions and the price being close to the entry price. The current price 2026.8 is near the entry price 2030.61764. Unrealized PnL is -0.77. Holding the position to allow for potential recovery.,0.82,EMA_alignment;RSI_momentum;MACD_crossover,indicator_crossover;support_bounce,trend_following;mean_reversion
2023-04-10T00:00:00+00:00,GOLD,close,Active-Guardian: Closing current long position due to current market conditions and the price being below the entry price. The current price 1994.8 is below the entry price 2030.61764. Unrealized PnL is -7.22. Closing the position to limit losses.,0.82,,,risk_management
2023-04-13T00:00:00+00:00,GOLD,entry,Active-Guardian: Market is in Green Zone. 1% risk enforced. Bullish MACD crossover and RSI below 70 detected. Decisive entry with tight protection.,0.82,MACD_crossover;RSI_below_70;EMA_alignment,indicator_crossover;trend_alignment,trend_following;mean_reversion
2023-04-17T00:00:00+00:00,GOLD,entry,Active-Guardian: Market is in Green Zone. 1% risk enforced. Bullish MACD crossover and RSI above 50 detected. Decisive entry with tight protection.,0.82,MACD_crossover;RSI_above_50;EMA_alignment,indicator_crossover;trend_following,trend_following;mean_reversion
2023-04-19T00:00:00+00:00,GOLD,hold,Active-Guardian: Holding current long position due to current market conditions and the price being near the entry price. The current price 1998.0 is close to the entry price 1998.79856. Unrealized PnL is -0.16. Holding the position to allow for potential growth.,0.82,EMA_alignment;RSI_momentum,price_stability,trend_following
2023-04-20T00:00:00+00:00,GOLD,hold,Active-Guardian: Holding current long position due to current market conditions and the price being above the entry price. The current price 2009.8 is above the entry price 1998.79856. Unrealized PnL is 2.25. Continuing to hold the position to maximize gains.,0.82,EMA_alignment;RSI_momentum;price_above_entry,trend_following;mean_reversion,trend_following;mean_reversion
2023-04-24T00:00:00+00:00,GOLD,close,Active-Guardian: Closing current long position due to current market conditions and the price being below the entry price. The current price 1990.6 is below the entry price 1998.79856. Unrealized PnL is -1.68. Closing the position to limit losses.,0.82,,price_below_entry,risk_management
2023-05-02T00:00:00+00:00,GOLD,entry,Active-Guardian: Market is in Green Zone. 1% risk enforced. EMA20/50 alignment and RSI below 60 detected. Decisive entry with tight protection.,0.8,EMA_alignment;RSI_below_60,indicator_crossover,trend_following
2023-05-03T00:00:00+00:00,GOLD,hold,Active-Guardian: Holding current long position due to current market conditions and the price being above the entry price. The current price 2037.0 is above the entry price 2024.51398. Unrealized PnL is 5.09. Continuing to hold the position to maximize gains.,0.8,EMA_alignment;RSI_above_50;price_above_EMA20,price_breakout;trend_following,trend_following;mean_reversion
2023-05-04T00:00:00+00:00,GOLD,entry,Active-Guardian: Market is in Green Zone. 1% risk enforced. EMA20/50 alignment and RSI=64.49 indicate a potential long opportunity with tight protection.,0.82,EMA_alignment;RSI_momentum,price_retest,trend_following;mean_reversion
2023-05-08T00:00:00+00:00,GOLD,close,Active-Guardian: Closing current long position due to current market conditions and the price being below the entry price. The current price 2033.2 is below the entry price 2056.93342. Unrealized PnL is -6.80. Closing the position to limit losses.,0.82,,,risk_management
2023-05-11T00:00:00+00:00,GOLD,entry,Active-Guardian: Market is in Green Zone. 1% risk enforced. EMA20/50 alignment and RSI54.74 detected. Decisive entry with tight protection.,0.82,EMA_alignment;RSI_level,price_rejection,trend_following;mean_reversion
2023-05-15T00:00:00+00:00,GOLD,hold,Active-Guardian: Holding current long position due to current market conditions and the price being above the entry price. The current price 2022.7 is above the entry price 2021.7123. Unrealized PnL is 0.24. Continuing to hold the position to maximize gains.,0.82,EMA_alignment;RSI_momentum;price_above_entry,trend_following;mean_reversion,trend_following;mean_reversion
2023-05-16T00:00:00+00:00,GOLD,close,Active-Guardian: Closing current long position due to current market conditions and the price being below the entry price. The current price 1993.0 is below the entry price 2021.7123000000001. Unrealized PnL is -6.88. Closing the position to limit losses.,0.82,,price_below_entry,risk_management
2023-05-18T00:00:00+00:00,GOLD,reject,"Active-Guardian: Current market conditions indicate a bearish MACD crossover and RSI below 50. Given the recent losing streak and market volatility, a cautious approach is warranted, prioritizing risk management over potential gains.",0.4,MACD_bearish_crossover;RSI_below_50,indicator_crossover,trend_following;mean_reversion
2023-05-22T00:00:00+00:00,GOLD,reject,"Active-Guardian: Rejecting entry due to current market conditions, recent losing streak, and the price being below the EMA20. Volatility Ratio is 0.98, indicating a cautious approach.",0.4,,,risk_management;trend_following
2023-05-25T00:00:00+00:00,GOLD,reject,"Active-Guardian: Current market conditions and recent trade outcomes suggest a cautious approach. The Volatility Ratio is 1.01, indicating a Green Zone, but the recent losing streak and low Trend Strength Score (-0.21) advise against entry. RSI (39.06) and MACD (-4.666) also indicate a bearish trend.",0.4,,,trend_following;risk_management
2023-05-30T00:00:00+00:00,GOLD,reject,"Active-Guardian: Rejecting entry due to recent losing streak and market volatility. Current price 1968.1 is below EMA20=1988.175, indicating bearish momentum. RSI14=45.55 is not oversold, and MACD=-5.611 is bearish.",0.4,,,trend_following;mean_reversion
2023-06-05T00:00:00+00:00,GOLD,reject,"Active-Guardian: Current market conditions and recent trade outcomes suggest a cautious approach. The Volatility Ratio is 1.02, indicating a Green Zone, but the recent losing streak and low Trend Strength Score of 0.13 advise against aggressive entry. RSI14 at 45.38 and MACD crossover being bearish also suggest waiting for clearer signals.",0.4,,,risk_management;market_sentiment
2023-06-07T00:00:00+00:00,GOLD,reject,"Active-Guardian: Rejecting entry due to recent losing streak and market conditions. The current price 1949.9 is below the EMA20 1980.382, indicating a bearish trend. RSI14 is 42.30, which is not oversold. MACD is bearish, and the Trend Strength Score is 0.13, indicating a weak trend.",0.4,,,trend_following;mean_reversion
2023-06-08T00:00:00+00:00,GOLD,reject,"Active-Guardian: Current market conditions and recent trade outcomes suggest a cautious approach. The Volatility Ratio (VR) is 1.04, indicating a Green Zone, but the recent losing streak and low Trend Strength Score (0.22) advise against aggressive entry. RSI (47.44) and MACD (-7.467) do not provide a strong bullish signal.",0.4,,,risk_management;trend_following
2023-06-20T00:00:00+00:00,GOLD,entry,Active-Guardian: Market is in Green Zone. 1% risk enforced. EMA20/50 alignment and RSI below 50 detected. Decisive entry with tight protection.,0.72,EMA_alignment;RSI_undersold,indicator_crossover,trend_following;mean_reversion
2023-06-21T00:00:00+00:00,GOLD,close,Active-Guardian: Closing current long position due to current market conditions and the price being below the entry price.,0.0,,,risk_management
2023-06-22T00:00:00+00:00,GOLD,entry,Active-Guardian: Market is in Green Zone. 1% risk enforced. EMA20/50 alignment and RSI below 40 detected. Decisive entry with tight protection.,0.8,EMA_alignment;RSI_oversold,indicator_crossover,trend_following;mean_reversion
2023-06-26T00:00:00+00:00,GOLD,hold,Active-Guardian: Holding current long position due to current market conditions and the price being above the entry price. The current price 1925.1 is above the entry price 1916.149. Unrealized PnL is 2.86. Continuing to hold the position to maximize gains.,0.8,EMA_alignment;RSI_level;Volatility_stable,trend_following;mean_reversion,trend_following;mean_reversion
2023-06-27T00:00:00+00:00,GOLD,close,Active-Guardian: Closing current long position due to current market conditions and the price being below the entry price. The current price 1915.1 is below the entry price 1916.149. Unrealized PnL is -0.335044181193612. Closing the position to limit losses.,0.8,,,risk_management
2023-07-10T00:00:00+00:00,GOLD,reject,"Active-Guardian: Current market conditions and recent trade outcomes suggest a cautious approach. The Volatility Ratio (VR) is 0.90, indicating a Green Zone, but the recent losing streak and low win rate advise against aggressive entry. No strong confluence factors are present to justify an entry.",0.4,,,risk_management;market_sentiment
2023-07-12T00:00:00+00:00,GOLD,entry,Active-Guardian: Market is in Green Zone. 1% risk enforced. Bullish MACD crossover and RSI at 54.64 detected. Decisive entry with tight protection.,0.82,MACD_crossover;RSI_momentum,indicator_crossover,trend_following;mean_reversion
2023-07-17T00:00:00+00:00,GOLD,close,Active-Guardian: Closing current long position due to current market conditions and the price being below the entry price. The current price 1956.4 is below the entry price 1962.87702. Unrealized PnL is -2.81. Closing the position to limit losses.,0.82,,price_below_entry,risk_management
2023-07-18T00:00:00+00:00,GOLD,reject,"Active-Guardian: Current market conditions and recent trade outcomes suggest a cautious approach. The Volatility Ratio (VR) is 0.86, indicating a Green Zone, but the recent losing streak and low win rate advise against aggressive entry. EMA alignment and MACD crossover are bullish, but RSI and ADX suggest a need for patience.",0.4,,,trend_following;risk_management
2023-07-27T00:00:00+00:00,GOLD,entry,Active-Guardian: Market is in Green Zone. 1% risk enforced. EMA20/50 alignment and MACD bullish crossover detected. Decisive entry with tight protection.,0.68,EMA_alignment;MACD_crossover,indicator_crossover,trend_following
2023-07-31T00:00:00+00:00,GOLD,entry,Active-Guardian: Market is in Green Zone. 1% risk enforced. Bullish MACD crossover and RSI=56.66 detected. Decisive entry with tight protection.,0.8,MACD_crossover;RSI_bullish,indicator_crossover,trend_following
2023-08-01T00:00:00+00:00,GOLD,entry,Active-Guardian: Market is in Green Zone. 1% risk enforced. EMA20/50 alignment and RSI=48 suggest potential for upside. MACD crossover is bullish.,0.8,EMA_alignment;RSI_midline;MACD_crossover,indicator_crossover,trend_following;mean_reversion
2023-08-02T00:00:00+00:00,GOLD,close,Active-Guardian: Closing current long position due to current market conditions and the price being below the entry price. The current price 1946.0 is below the entry price 1950.8698200000001. Unrealized PnL is -2.31. Closing the position to limit losses.,0.8,,price_below_entry,risk_management
2023-08-16T00:00:00+00:00,GOLD,reject,Active-Guardian: Market is in Green Zone but recent losses and low RSI suggest caution. No strong confluence for entry.,0.4,,,risk_management;mean_reversion
2023-08-17T00:00:00+00:00,GOLD,entry,Active-Guardian: Market is in Green Zone. 1% risk enforced. EMA20/50 alignment and RSI oversold detected. Decisive entry with tight protection.,0.6,EMA_alignment;RSI_oversold,indicator_crossover,trend_following;mean_reversion
2023-08-21T00:00:00+00:00,GOLD,hold,Active-Guardian: Holding current long position due to current market conditions and the price being above the entry price. The current price 1895.7 is above the entry price 1888.3323200000002. Unrealized PnL is 2.56. Continuing to hold the position.,0.6,EMA_alignment;RSI_undervalued;Volatility_stable,trend_continuation;support_hold;mean_reversion,trend_following;mean_reversion;risk_management
2023-08-22T00:00:00+00:00,GOLD,hold,Active-Guardian: Holding current long position due to current market conditions and the price being above the entry price. The current price 1898.6 is above the entry price 1888.3323200000002. Unrealized PnL is 3.57. Continuing to hold the position.,0.6,EMA_alignment;RSI_below_50;price_above_entry,trend_following;mean_reversion,trend_following;mean_reversion
2023-08-23T00:00:00+00:00,GOLD,reject,"Active-Guardian: Current market conditions and recent losses suggest a cautious approach. The Volatility Ratio (VR) is 0.75, indicating a Green Zone, but the recent win rate is 30.0% and the account is in a losing streak. Therefore, rejecting entry to limit losses and re-evaluate strategy.",0.4,,,risk_management;market_sentiment
2023-08-29T00:00:00+00:00,GOLD,entry,Active-Guardian: Market is in Green Zone. 1% risk enforced. EMA20/50 alignment and RSI52.90 suggest bullish momentum. MACD crossover is bullish.,0.8,EMA_alignment;RSI_momentum;MACD_crossover,indicator_crossover;trend_following,trend_following;mean_reversion
2023-08-30T00:00:00+00:00,GOLD,hold,Active-Guardian: Current price 1954.0 is above the entry price 1937.56184. Holding the position with a profit target of 1970.0 and stop loss of 1910.0.,0.8,EMA_alignment;RSI_above_50;MACD_bullish_crossover,price_above_ema20;rsi_bounce,trend_following;mean_reversion
2023-08-31T00:00:00+00:00,GOLD,hold,Active-Guardian: Holding current long position due to current market conditions and the price being above the entry price. The current price 1947.0 is above the entry price 1937.56184. Unrealized PnL is 3.40. Continuing to hold with tight protection.,0.8,EMA_alignment;RSI_momentum;MACD_crossover,price_breakout;indicator_crossover,trend_following;mean_reversion
2023-09-05T00:00:00+00:00,GOLD,close,Active-Guardian: Closing current long position due to current market conditions and the price being below the entry price. The current price 1934.3 is below the entry price 1937.56184. Unrealized PnL is -1.18. Closing the position to limit losses.,0.6,,price_below_entry,risk_management
2023-09-18T00:00:00+00:00,GOLD,entry,Active-Guardian: Market is in Green Zone. 1% risk enforced. EMA20/50 alignment and RSI=52.82 suggest a potential long entry with tight protection.,0.8,EMA_alignment;RSI_momentum,indicator_crossover,trend_following;mean_reversion
2023-09-19T00:00:00+00:00,GOLD,close,Active-Guardian: Closing current long position due to current market conditions and the price being below the entry price.,0.8,,,trend_following;mean_reversion
2023-09-21T00:00:00+00:00,GOLD,entry,"Active-Guardian: Market is in Green Zone. EMA20 and EMA50 alignment with bullish MACD crossover. RSI is at 46.79, indicating potential for upside. Recent losses suggest being cautious, but current conditions warrant a long entry with tight risk management.",0.8,EMA_alignment;MACD_crossover;RSI_momentum,indicator_crossover;trend_reversal,trend_following;mean_reversion
2023-09-25T00:00:00+00:00,GOLD,close,Active-Guardian: Closing current long position due to current market conditions and the price being below the entry price. The current price 1918.2 is below the entry price 1922.35272. Unrealized PnL is -1.84. Closing the position to limit losses.,0.8,,,risk_management
2023-09-26T00:00:00+00:00,GOLD,reject,Active-Guardian: Market is in Green Zone but recent losses and low win rate suggest being more selective. No strong confluence factors detected to justify an entry.,0.4,,,risk_management;market_selection
2023-09-27T00:00:00+00:00,GOLD,reject,"Active-Guardian: Current market conditions and recent losses suggest a cautious approach. RSI is 33.11, indicating potential oversold conditions, but the MACD crossover is bearish, and the Trend Strength Score is -0.45. Given the recent losing streak and the market's volatility, it's prudent to reject entries and reassess the market.",0.4,,,risk_management;market_sentiment
2023-09-28T00:00:00+00:00,GOLD,reject,"Active-Guardian: Current market conditions and recent losses suggest a cautious approach. The price is below the EMA20 and EMA50, and the RSI is not in oversold territory. Volatility Ratio is 0.67, indicating a green zone, but recent trade outcomes and current market sentiment do not support an aggressive entry.",0.2,,,risk_management;market_sentiment
2023-10-02T00:00:00+00:00,GOLD,reject,Active-Guardian: Market is in ACTIVE mode but recent losses and low RSI14=26.63 suggest caution. No strong confluence factors detected to justify an entry.,0.4,,,risk_management;trend_following
2023-10-03T00:00:00+00:00,GOLD,reject,"Active-Guardian: Current market conditions and recent losing streak suggest caution. RSI14=25.72 indicates oversold conditions, but MACD crossover is bearish and Trend Strength Score is -0.84, suggesting a strong downtrend. Volatility Ratio (VR) of 0.74 is in the ACTIVE zone, but given the recent losses, it's prudent to be selective and avoid new entries.",0.2,RSI_oversold;MACD_bearish_crossover,none,trend_following;mean_reversion
2023-10-04T00:00:00+00:00,GOLD,reject,Active-Guardian: Market is in Green Zone but recent losses and low RSI14=24.68 indicate caution. No strong confluence for entry.,0.2,,,mean_reversion;risk_management
2023-10-05T00:00:00+00:00,GOLD,entry,Active-Guardian: Market is in Green Zone. RSI14=24.22 indicates oversold conditions. EMA20 and EMA50 alignment suggests potential reversal. Entry with tight stop loss.,0.8,RSI_oversold;EMA_alignment,indicator_crossover,mean_reversion
2023-10-09T00:00:00+00:00,GOLD,reject,"Active-Guardian: Market is in Green Zone but recent trades have been unprofitable. RSI is 38.36, indicating potential oversold conditions, but MACD crossover is bearish and Trend Strength Score is -0.43, suggesting a cautious approach.",0.4,,,trend_following;mean_reversion
2023-10-16T00:00:00+00:00,GOLD,entry,"Active-Guardian: Market is in Green Zone. EMA20/50 alignment and MACD crossover detected. RSI is at 58.81, indicating potential for further upside.",0.82,EMA_alignment;MACD_crossover;RSI_momentum,indicator_crossover;trend_continuation,trend_following;momentum_trading
2023-10-18T00:00:00+00:00,GOLD,hold,Active-Guardian: Holding current long position due to current market conditions and the price being above the entry price. The current price 1958.8 is above the entry price 1926.25506. Unrealized PnL is 12.36. Continuing to hold with tight protection.,0.82,EMA_alignment;RSI_above_50;MACD_bullish_crossover,price_above_ema20;rsi_momentum,trend_following;mean_reversion
2023-10-19T00:00:00+00:00,GOLD,entry,Active-Guardian: Market is in Green Zone. 1% risk enforced. Bullish MACD crossover and RSI above 50 detected. Decisive entry with tight protection.,0.82,MACD_crossover;RSI_above_50;EMA_alignment,indicator_crossover;trend_following,trend_following;mean_reversion
2023-10-23T00:00:00+00:00,GOLD,hold,Active-Guardian: Market is in Active mode. Current price 1978.2 is above the entry price 1972.38272. Holding the long position with a profit target of 2000.0 and a stop loss of 1950.0.,0.82,EMA_alignment;RSI_bullish;MACD_crossover,price_breakout;trend_following,trend_following;mean_reversion
2023-10-24T00:00:00+00:00,GOLD,hold,Active-Guardian: Market is in Green Zone. Current long position has unrealized PnL of $2.00. Holding the position with a profit target of $2000.0 and a stop loss of $1950.0.,0.82,EMA_alignment;RSI_bullish;MACD_crossover,trend_following,trend_following
2023-10-25T00:00:00+00:00,GOLD,hold,Active-Guardian: Holding current long position due to current market conditions and the price being above the entry price. The current price 1985.5 is above the entry price 1972.38272. Unrealized PnL is 5.94. Continuing to hold the position to maximize gains.,0.82,EMA_alignment;RSI_bullish;MACD_crossover,indicator_crossover;trend_strength,trend_following;mean_reversion
2023-10-30T00:00:00+00:00,GOLD,entry,Active-Guardian: Market is in Green Zone. 1% risk enforced. Bullish MACD crossover and RSI above 70 detected. Decisive entry with tight protection.,0.82,MACD_crossover;RSI_overbought,indicator_crossover,trend_following
2023-10-31T00:00:00+00:00,GOLD,close,Active-Guardian: Closing current long position due to current market conditions and the price being below the entry price. The current price 1994.3 is below the entry price 2006.8033599999999. Unrealized PnL is -4.7814691889375. Closing the position to limit losses.,0.82,,price_below_entry,risk_management
2023-11-01T00:00:00+00:00,GOLD,entry,"Active-Guardian: Market is in Green Zone. EMA20/50 alignment and MACD crossover detected. RSI is at 65.63, indicating potential for further upside.",0.82,EMA_alignment;MACD_crossover;RSI_momentum,indicator_crossover;trend_following,trend_following;mean_reversion
2023-11-02T00:00:00+00:00,GOLD,hold,Active-Guardian: Market is in Active mode. 1% risk enforced. EMA20/50 alignment and MACD crossover detected. Holding current long position due to bullish trend strength and proximity to support levels.,0.82,EMA_alignment;MACD_crossover;Trend_strength,indicator_crossover;trend_following,trend_following;mean_reversion
2023-11-07T00:00:00+00:00,GOLD,close,Active-Guardian: Closing current long position due to current market conditions and the price being below the entry price. The current price 1973.5 is below the entry price 1988.6925. Unrealized PnL is -5.40. Closing the position to limit losses.,0.82,,,risk_management
2023-11-13T00:00:00+00:00,GOLD,entry,Active-Guardian: Market is in Green Zone. EMA20/50 alignment and RSI50 crossing detected. Entry with tight protection.,0.82,EMA_alignment;RSI_crossing,indicator_crossover;support_bounce,trend_following;mean_reversion
2023-11-14T00:00:00+00:00,GOLD,entry,Active-Guardian: Market is in Green Zone. 2 confluence factors detected: EMA20/50 alignment and RSI crossing 50. Decisive entry with tight protection.,0.82,EMA_alignment;RSI_crossing,indicator_crossover,trend_following;mean_reversion
2023-11-15T00:00:00+00:00,GOLD,hold,Active-Guardian: Market is in Green Zone. Holding current long position due to current market conditions and the price being above the initial stop. The current price 1964.3 is above the initial stop 1940.0. Unrealized PnL is -1.25. Holding the position to maximize potential gains.,0.82,EMA_alignment;RSI_momentum,indicator_crossover,trend_following;mean_reversion
2023-11-16T00:00:00+00:00,GOLD,hold,Active-Guardian: Holding current long position due to current market conditions and the price being above the entry price. The current price 1987.3 is above the entry price 1967.6799. Unrealized PnL is 7.25. Continuing to hold the position to maximize gains.,0.82,EMA_alignment;RSI_momentum;Volatility_stable,indicator_crossover;support_bounce;trend_following,trend_following;mean_reversion
2023-11-21T00:00:00+00:00,GOLD,entry,"Active-Guardian: Market is in Green Zone. EMA20 and EMA50 alignment with RSI at 62.53 suggests a potential long opportunity. Recent price action shows a bounce from the 1950 level, indicating support.",0.8,EMA_alignment;RSI_momentum;Support_bounce,indicator_crossover;support_bounce,trend_following;mean_reversion
2023-11-22T00:00:00+00:00,GOLD,close,Active-Guardian: Closing current long position due to current market conditions and the price being below the entry price. The current price 1992.8 is below the entry price 2002.80096. Unrealized PnL is -4.526559723801132. Closing the position to limit losses.,0.8,,,risk_management
2023-11-27T00:00:00+00:00,GOLD,entry,Active-Guardian: Market is in Green Zone. 1% risk enforced. EMA20/50 alignment and RSI=63.75 detected. Decisive entry with tight protection.,0.82,EMA_alignment;RSI_bullish;MACD_crossover,indicator_crossover;trend_strength,trend_following;mean_reversion
2023-11-28T00:00:00+00:00,GOLD,hold,"Active-Guardian: Holding current long position due to bullish MACD crossover, RSI above 50, and price above EMA20. Current price 2040.0 is above the entry price 2013.6074400000002. Unrealized PnL is 8.057372581785339.",0.82,MACD_crossover;RSI_above_50;EMA20_support,indicator_crossover;trend_continuation,trend_following
2023-11-29T00:00:00+00:00,GOLD,entry,Active-Guardian: Market is in Green Zone. 1% risk enforced. EMA20/50 alignment and RSI below 80 detected. Decisive entry with tight protection.,0.85,EMA_alignment;RSI_below_80;MACD_bullish,indicator_crossover;trend_strength,trend_following;mean_reversion
2023-11-30T00:00:00+00:00,GOLD,hold,Active-Guardian: Holding current long position due to current market conditions and the price being above the entry price. The current price 2047.6 is above the entry price 2058.7345. Unrealized PnL is -2.98. Holding the position to maximize gains.,0.85,EMA_alignment;MACD_crossover;Trend_strength,indicator_crossover;trend_following,trend_following;mean_reversion
2023-12-11T00:00:00+00:00,GOLD,entry,Active-Guardian: Market is in Green Zone. 1% risk enforced. EMA20/50 alignment and RSI below 50 detected. Decisive entry with tight protection.,0.8,EMA_alignment;RSI_below_50,support_bounce,trend_following;mean_reversion
2023-12-12T00:00:00+00:00,GOLD,close,Active-Guardian: Closing current long position due to current market conditions and the price being below the entry price. The current price 1983.9 is below the entry price 1985.49058. Unrealized PnL is -0.6564347143139992. Closing the position to limit losses.,0.8,,price_below_entry,risk_management
2023-12-14T00:00:00+00:00,GOLD,entry,Active-Guardian: Market is in Green Zone. EMA20/50 alignment and RSI crossing 50 detected. Entry with tight protection.,0.82,EMA_alignment;RSI_crossing,indicator_crossover,trend_following;mean_reversion
2023-12-18T00:00:00+00:00,GOLD,close,Active-Guardian: Closing current long position due to current market conditions and the price being below the entry price. The current price 2030.9 is below the entry price 2036.42112. Unrealized PnL is -2.19. Closing the position to limit losses.,0.82,,price_below_entry,risk_management
2023-12-26T00:00:00+00:00,GOLD,entry,Active-Guardian: Market is in Green Zone. 1% risk enforced. Bullish MACD crossover and RSI below 70 detected. Decisive entry with tight protection.,0.82,MACD_crossover;RSI_below_70;EMA_alignment,indicator_crossover;trend_continuation,trend_following;mean_reversion
2023-12-27T00:00:00+00:00,GOLD,hold,Active-Guardian: Holding current long position due to current market conditions and the price being above the entry price. The current price 2083.4 is above the entry price 2061.6362400000003. Unrealized PnL is 5.47279406593863. Continuing to hold with tight protection.,0.82,EMA_alignment;RSI_bullish;MACD_crossover,indicator_crossover;trend_strength,trend_following;mean_reversion
2023-12-28T00:00:00+00:00,GOLD,hold,Active-Guardian: Market is in Green Zone. Current long position is profitable with an unrealized PnL of $5.50. Holding the position to maximize gains while maintaining a tight stop loss.,0.82,EMA_alignment;RSI_bullish;MACD_crossover,trend_following;mean_reversion,trend_following;mean_reversion
